Advertisements ,Category   
seeking models publication major men adult mag seeking women close h w prop age less factor feel free respond yrs old shoot chosen paid mag directly model release federal age verification forms must completed id required form find respectful professional easy work happy provide references interested please message,Illegitimate 
seek reliable models experiences art nude erotic photography video work paid shoots colorado models performers must serious creating quality art content models years old older encouraged apply many projects concepts actual shoot dependent model performer pay competitive rates seek serious professionals wanting enhance portfolio work agency,Illegitimate 
looking new existing talent appear variety modeling projects including lingerie swimwear nude work wants passionate talent committed excellent final product pay top dollar top talent looking bring onboard models also actors film,Illegitimate 
looking female models adult themed shoots provide links online portfolios lets get going winter sets,Illegitimate 
established photo video professional looking new faces shoot boudoir fine nude erotic solo play content creation models looking build professional portfolio feel free contact work found website onlyfans adult platforms shoots collab based depending model content making may anywhere hr hr spots limited email dm questions inquiries ignitephotos sandiego,Illegitimate 
looking female models performers types adult photos videos applicants positive attitude drama free please note require photos short video clips current work dressed nudes front back sides new selfies ok good quality please also include would interested shooting,Illegitimate 
photographer seeks female models comfortable bodies sexuality planned shoots include themed hunting season holidays well art nude erotic nude mild rope bondage available shoot content social media platforms well,Illegitimate 
photographer also make videos models sell online looking new models work experience necessary would shooting variety content lingerie implied nude photos safe social media like instagram facebook sexual videos sell onlyfans manyvids etc,Illegitimate 
new production company looking females photo videoshoots erotic nature models must comfortable explicit content model must willing complete model release form also payment disclosed upon discussion,Illegitimate 
dc based photographer slowly breaking adult entertainment years shot number models pursing careers camming financial domination ideally like help discover new local talent build long term collaboration feel free contact see extensive portfolio,Illegitimate 
nyc photographer looking female models photography genres adult boudoir erotic glamour bdsm bondage nude previous experience necessary ages open minded great attitude photo shoots mainly also like experiment video work something would interested easy going photographer try create fun friendly environment models,Illegitimate 
professional photographer amateur producer looking hire lingerie nude work well amateur soft core video work also affiliate baltimore limited select bookings typically book months advance host well provide limited studio rental additional bookings book looking females ages height weight proportionate thank look forward hearing david steel rings studio,Illegitimate 
currently looking hire models expand onlyfans portfolio looking trade models want share created content,Illegitimate 
mature woman sharing private pics free moment would could get paid sellfies sell spicy photos earn money submitting normal sexy pictures eager add maximum selfies increasingly explicit categories receive fair reward entire set always control images upload personal details never published options anonymity pictures,Illegitimate 
looking open minded males several adult oriented campaigns work may posted depending comfort level applicant must fluid approach sex overall intellect feel free inquire reaching,Illegitimate 
hire shoot wide variety clients including magazines websites commercial gigs ad agencies businesses well adult magazines video production companies world,Illegitimate 
scheduling female models lingerie nude photoshoots foot fetish videos las vegas nv april pay hr photoshoot minute foot fetish video,Illegitimate 
hi name michael modeling years love industry much wanted learn side camera started freelance photography journey opened downtown toledo location much shooting locations outside around city well great indoor studio professional like fun shooting always great ideas edgy artistic ideas rolling around head lets shoot,Illegitimate 
phone sex operator need talk discuss talent looking must enjoy,Illegitimate 
looking hire models willing spanked video expectation sex bare bottom spanking compensation competitive based severity shoots professional pride wasting time pay hours shoot twice like producers,Illegitimate 
produce trample fetish modeling clips,Illegitimate 
currently looking female performers shoot lesbian content toronto shoot last hrs female models engage dom sub play oral also please date sti testing pay cash,Illegitimate 
looking women interested shooting clown girl content,Illegitimate 
woman wanted solo photo video combo shoot content include explicit nude solo penetration ideally looking yrs old either petite tall athletic bbw thicc pawg race welcome apply location wilkes barre pa weekday afternoon call time first week june accepting apps text email approx hr travel expenses covered total pay,Illegitimate 
shooting silk scarf bondage fetish themes working solo full nude adult erotic levels male female models shooting hotel shoot theme scarves check insta examples scarf queens site available april please get touch rates interested working shoot,Illegitimate 
extreme femdom ballbusting studio running close years moving utah april also occasionally traveling vegas pay per hour plus bonus optional spiked boot ballbusting scene typical pay cash must sign model release per federal law fully vaccinated,Illegitimate 
hello always looking talent travel lot enjoy setting shoots different places,Illegitimate 
sexy photography boudoir portraiture artistic nude photography intimate photography website designed women wanting give special gift sexy personal portraiture person love provide exceptional sexy photography including boudoir photography artistic nude photography intimate lingerie photography sexy glamour photography treating customers respect courtesy deserve,Illegitimate 
production shooting tickle fetish videos los angeles march march ticklish ok tickled please apply production tickling sex involved shoot take approximately hours payment depends model please contact us details,Illegitimate 
looking male models catalog style photo shoot looking men average muscular upper body slim person also preference buzzed trimmed shaved naturally smooth line consists underwear jeans bodysuits adult diapers compensation dependent time experience number products model people chicago area close proximity considered time,Illegitimate 
get paid barefoot really simple owner operator male foot fetish website always market guys willing show feet course proper compensation offered please feel free reach questions travel plans central alabama beginning may,Illegitimate 
hottest freelance company currently booking shoots plus sized models shoot provides hotel room perdiem cash compensation slots filling quickly apply plus size open minded freaky fetish sexy talent,Illegitimate 
new orleans la hello non pro photographer looking local feet fetish model feet fetish pics videos shoes bare feet many poses etc meet person ladies must open minded feet worship feet age race open feet size issue please feet pics available respond answer questions experience needed fetish knowledge great new orleans la respond,Illegitimate 
ever wanted try dominatrix hiring female models female supremacy video clips seattle dominaplanet women rule men slaves subjects femdom foot ass worship smothering etc nudity possible required boundaries respected experience req wardrobe provided model release current id required travel negotiable accommodations seattle provided references available pm questions,Illegitimate 
sloptv mash double dare fear factor silent library contestants hot guys underwear speedos lycra getting hit pies dumped slime got sense humor willingness cam undies let us know pay competitive rate casting solo shoots location texas pick airfare lodging incidentals look forward hearing,Illegitimate 
seeking amateur experienced female models foot fetish film south florida boy girl girl girl solo nudity required opportunities apply send clear closeup photos tops bottoms feet plus full body bikini lingerie nude acceptable include shoe size modeling experience social media links must age possess forms photo birthdate identification sign legal contract cash day ethnicities desired hablamos espanol,Illegitimate 
seeking females fetish modeling oral skills nipple piercings squirting exhibitionism huge plus compensation great work steady confidentially assured well needed professional experience required provide sets props guidance earn working safe fun environment,Illegitimate 
looking ladies willing model pose shoes types fun experience nudity involved size simple job easy money please let know exact size contact jobs pay maryland surrounding states,Illegitimate 
looking kink friendly people great pay videos pictures short films lots fun,Illegitimate 
shoot foot fetish tickling fetish fj hj scenes shoots take place safe relaxed environment cape coral fl recurring shoots definitely possible models applying foot fetish scenes must nice feet blemishes callouses etc models applying tickling scenes must genuinely ticklish info please drop line twitter silvercherry thanks evan,Illegitimate 
looking female performers experienced looking learn acting modeling submissive bdsm role playing scenes prefer petite women minimal tattoos piercings play games ghost possible employers please waste time,Illegitimate 
looking fetish models comfortable pregnancy lactation shoots,Illegitimate 
female models stuck scenarios models would roleplaying trapped sticky situations scenario foot bondage sticky twist professional nudity many model references supplied well compensated shoot fun unique fetish scenario shooting years please message information wish book shoot,Illegitimate 
ad ladies live traveling north carolina note traveling nc please mention otherwise otherwise respond back mwu videos produces scripted sexy wrestling videos women defeat men videos sale mwu clips sale store bbw please lbs fitness type toned women preferred required like make good dominating men video please contact experience necessary,Illegitimate 
looking leg fetish models metro detroit surrounding areas preferably athletic dancer fitness types per hour could lead steady work future projects nudity required,Illegitimate 
hiring models fetish site girls try orgasm bonus prize time commitment hrs including paperwork scene setup must comfortable light bondage vibrators models desiring privacy may wear mask request video visible existing site members currently hiring bbw pay cash,Illegitimate 
photographer looking models around state iowa interested fetish genre modeling,Illegitimate 
looking fit females flex biceps show physique clips store website videos produce include body worship bicep flexing staged armwrestling lift carries scissorhold videos paid person shoots done florida videos shoots done virtually via skype please reply back contact info including skype name schedule immediate video interview,Illegitimate 
seeking female models sessions jacksonville area photographer process building portfolio various genres looking body types interested please send sample pic age availability must legal age willing sign required forms sessions conducted clubkink downtown jacksonville,Illegitimate 
looking cam models online streaming studio home offer training experienced models well online support directly dealing site issues keep running assist socials well work promote every opportunity goal build partnerships performer provide assistance every step would love meet answer questions may looking forward speaking,Illegitimate 
model looking make month help models start webcamming careers typically models earn month within months existing fanbase upfront fees work commission partnership us provide full training support webcam models please apply website contact us get started,Illegitimate 
paradise kitty premier webcam model agency value top models much train also invest also boost earnings onlyfans fan sites paradise kitty wants collaborate beautiful women want make easy money online comforts home idea becoming paradise kitty model consistently making usd per week flirt online sounds interesting register,Illegitimate 
xklusive media llc camlebrity brand hiring models cam best earn top pay starting day one every camlebrity personal coach enjoy benefits advanced security privacy earn revenue broadcasting videos demand provide exclusive content fan page camlebrity models broadcast multiple platforms increasing revenue potential exponentially apply website,Illegitimate 
onlyfans nudes earn thousands dollars home month want team onlyfans creator take care work need hours day reach dream produce content account yet help content everything,Illegitimate 
come work tendercams right tendercams recruitment phase new online webcam platform join us today receive payout first two weeks join newest latest online platform tendercams visit tendercams registration page sign,Illegitimate 
high growth agency webcam models needed trained certified sexters top english speaking spanish optional full shifts surprises experience pages provide content take care everything else bring subscribers schedule content ppv campaigns offers feed posts boost conversions sext fans timezones ready multiply earnings working less,Illegitimate 
looking recruit models work online home need girls willing work least days week hrs daily working comission,Illegitimate 
account manager skyprivate looking expand active models,Illegitimate 
nudity required looking ambitious talent long term focused proprietary marketing plan implemented right person generate gross revenue looking people interested exploring sexuality appeasing one ego project professional work professional talent focused achieving monetary goal drug use tolerated,Illegitimate 
looking talent niche fetish video shoot fetish natural body magic woman separated harmed way half headless armless legless put together backwards shoot done via webcam hq webcams please,Illegitimate 
currently looking female webcam models want perform f mff live show please call email information,Illegitimate 
camera assistant webcam gal adult talk show interviewing position barter position work part time perform sat nights nudity required exchange provide studio apartment free food webcam pays hr facilities includes kitchen bathrooms art gallery laundry parking outdoor quad etc communal setting entertainers artists photographers creatives reply w email phone interested,Illegitimate 
looking girls work cam,Illegitimate 
seeking women couples join webcam shows glow man actor comedian age team women couples canada us perform webcam currently shooting miami wear glow necklaces unique branding whatever comfortable perform solo bring partner team women interact split earnings equally goal always least per person per show let call chat,Illegitimate 
looking models interested webcam work,Illegitimate 
custom non nude webcam style videos wanted paying short custom videos make home going work videos distributed online promote new adult entertainment brand applicants please send head shot body shots nudity please short minute videos still images nudity weird scripts anything vanilla content used promotional purposes,Illegitimate 
webcam models needed exclusive money making opportunities must valid id transportation available drivers licenses work site great benefits help hair nails personal hygiene purification food clothing provided also seeking models bottle girl bartender jobs must bartend webcam bottle girl,Illegitimate 
looking f webcam model join cam vis versa prefer pay hourly plus tips earned interested text,Illegitimate 
hi hope find someone open minded fun adventurous loves make money,Illegitimate 
webcam models wanted new website launching soon auditions zoom interested women couples lesbians threesomes text information successful models get paid per week,Illegitimate 
looking web cam models working male partner san antonio tx work done site,Illegitimate 
lucky rabbit studios looking web cam models either remote work office provide equipment work schedule make hr weekly pay remote non remote depending choice able train experience necessary studio best equipment friends interested give bonus referral long work min hours information apply go website apply,Illegitimate 
sexy seductive attractive woman least yrs old quality webcam laptop computer dsl broadband cable service relationship college serious financially getting ahead life love learn discover new ways ideas make debts bills disappear like magic upfront fee see everything free physical contact travel required answers yes please send email info website roy,Illegitimate 
name triple mint agency service specialized adult cam industries help manage toughest part webcamming career help achieve next level webcam model career offer agent full portfolio management paid promotion online advertising supplements personal assistant interested joining us questions us email us email address provided,Illegitimate 
female models wanted work streamexotics webcam model today earn payout ratio sign bonus,Illegitimate 
casting female models selfie direct angle videos words used promo videos sponsored social media ads fb ig tik tok tf commitment week engagement promo videos offer free studio room promo videos compensation week food round trip tf paying gig offer free studio room promo videos due protection rights items remain controlling rights location dallas texas,Illegitimate 
aspiring model looking break adult entertainment industry want make least year want live life way want want complete financial independence make come true working hours day company offer pay air ticket fly los angeles pay room boarding pay food meals day free industry leading training program,Illegitimate 
calling camgirls start earning today dollars per minute looking camgirls want make money home need one android phone chat fans one one make money tips private video chats selling videos referral program many models earn week,Illegitimate 
cash payment made seeking female photographer assistant help weekend photoshoots includes paid training meals uber rides send current photos applying job mark,Illegitimate 
looking young couple without boy girl friends sexy lingerie nude modeling must yrs experience preferred pays per hr front pay cash exhibitionists plus body types sizes issue outgoing personality would nice,Illegitimate 
seeking sexy lingerie models promo images vodka tequila bar concept designed dining room home recently referred site model continue work time time looking urban chic sexy glamour types experience necessary small hour shoot lead paid shoots like intimate dark seductive like photos,Illegitimate 
looking shoot glamour implied shoots travel expenses provided many shoot take place europe right models,Illegitimate 
experienced photographer looking model ready shoot lingerie nudes nyc long island message us set paid shoot,Illegitimate 
day cash payment female models needed hr photo shoot pantyhose fishnet stockings lingerie spandex photo video work discrete faceless photos ok must willing travel south beach miami,Illegitimate 
amateur photographer looking possibly bring skillset recently started freelance work year experience photography looking provide bit everything contemporary cosplay lingerie editorial fashion fetish friendly willing filming well editing open hiring would really appreciate opportunity gain experience looking alabama willing travel good,Illegitimate 
produce content create creators primarily youtube nyc toronto based,Illegitimate 
hiring models actresses cam girls performers photos videos models shoot lingerie erotic fetish nude videos filmed solo soft g g must provide makeup bring great attitude handle rest please send recent head full body shot link recent work posted dated look forward opportunity working texting please send head full body shot name thank,Illegitimate 
pro photographer primarily working artistic nudes glamour flirty nudes sexy girl next door themes occasionally perform custom shoots clients ranging swimsuit lingerie fetish adult regardless type shoot models must least older able provide proof age temporarily hiatus accepting new applicants without prior contact,Illegitimate 
seeking female models photo shoots creative video projects acting experience plus although required interested send message brief description experience thanks much,Illegitimate 
howdy photography gentlemans club dancing film sexy themes intense sexy glamor deep purple passion encasing extensions unbridled showing stage camera w expanding vixen feelings inside let take next level film security utmost concern management love work old new talent john,Illegitimate 
bella luna models created several industry executives wanted build company using best models photographers industry bella luna models works models photographers companies exclusive non exclusive exclusive models promoted work others interested working us send us message,Illegitimate 
f lingerie models needed must comfortable nudity must show id please reply photos,Illegitimate 
photographer looking lingerie nude models ages sizes also right models video clips,Illegitimate 
discreet shoots actively seeking female models club new city new city coeds solo sites content trades please find information link added many opportunities modeling clips videos experience levels needed,Illegitimate 
looking models want make great art cosplay boudoir photography video seeking others share vision believe quality workmanship forgotten trait day age feel free contact questions may,Illegitimate 
good afternoon process seeking models help create fine art sculptures specialize scanning techniques virtual reality holographics using bases designed built looking open minded models explore populate genre create fine art pieces currently looking create material areas yoga fashion costume,Illegitimate 
looking female talent specialize lingerie curvy figured talent prefer shoot location,Illegitimate 
hello twin cities based photographer looking expand portfolio collaborating professional talent primarily shot subjects vehicles past outings mn state parks experimenting natural shoots lately compensation determined per project basis willing negotiate travel midwest region,Illegitimate 
models amateur pro wide variety modeling jobs available serious applicants please,Illegitimate 
looking busty females show cleavage role playing attention grabbing tops lingerie bikini tank tops tight button shirts etc record videos video calls direct record get paid video pay negotiable per video please reply back skype name contact number schedule immediate video interview,Illegitimate 
join fastest growing online community performers keep close chaturbate offers best money making tools webcam site offer apps bots earn money token tips private group shows selling video picture sets fan clubs,Illegitimate 
open minded good body attitude females wanted los angeles c area apply setting model gig erotic tantra massage workshop event need women hire way paid cash process model give receive tantric massages hrs gig event explore experience sensual erotic massage touch cherished please get back us details great start shy new relax nice environment cheers dan n rachel,Illegitimate 
recorded content adult entertainment industry dying free content web part industry growing livecam covid escalates globally sex workers depend person appointments considering camming supplement income hiring cam models worldwide highest earning cam jobs sexual orientations genders welcome change life better waiting u open arms make great money signup,Illegitimate 
floridafootnight premiere foot fetish event promoter florida vip footnight events attract foot fetishists world attractive models attend events available foot fetish sessions event nudity sexual contact allowed female models interested attending footnight events submit full body front back feet tops bottoms models make avg per event,Illegitimate 
become cam model bongacams one visited sites world counting websites googleable go live phone tablet computer members world go live time day minutes make really quick pay every friday via direct deposit check block states need show face going live want always know much money member,Illegitimate 
female models wanted work directly biggest best live webcam site myfreecams work home independent models studios welcome find models love myfreecams site,Illegitimate 
looking dedicated model start onlyfans managed promoted agency goal create brand around social media use market monetize onlyfans professional agency experience proven track record industry accepting creators intend treat partnership full time job want work us years come serious inquiries instagram digital stars telegram williammngmt,Illegitimate 
live streaming talent agency looking work beautiful women ages streaming app world talent makes k k monthly commitment live streaming minimum days hours train manage teach platform content creators creatives models dancers women enjoy talking entertaining would work remotely schedule nudity must reside u canada,Illegitimate 
looking amateur models area professional photo shoots also video work fun sexy environment work pay well paid cash day,Illegitimate 
looking easy home position try reality cams perform interact camera go living life,Illegitimate 
looking extra cash holidays offer daily pay work today get paid today hiring models work home local webcam studio located toledo ohio work home models hiring female models part time full time positions must older modelsforcam call number email us back set interview,Illegitimate 
seeking content creators better faster payouts marketing done monthly active users already advertise live support etc sign load content reach get traffic going,Illegitimate 
looking models private cam sessions sessions pay per hour plus tips done home phone computer models needed immediately,Illegitimate 
looking attractive straight bisexual women interested featured professional porn video productions prior experience necessarily required good attitude willing film male actors compensation competitive paid immediately following filming great opportunity start industry well established professional porn productions years filming done philadelphia please call text interested,Illegitimate 
seeking female models photo shoots creative video projects erotic solo g g b g amateurs encouraged reply interested send message brief description experience thanks,Illegitimate 
model looking way let fans support hard work offer entire platform fingertips hassle free friendly support look models industry members special guests check us website homepage sign make money us model benefits health dental vision gym travel discounts coming near future,Illegitimate 
jobs come halt result pandemic people rely camming sole source income camz offer opportunity earn money home need pc webcam mobile device feature men women couples groups transgender bbw fees ever geo blocking available weekly payouts delays get real fans real money tokens plus get paid cam site internet start today min stay home stay safe,Illegitimate 
seeking onlyfans content creators considering profiles live life terms travel world shop whatever want experience life way always dreamed team chats subscribers promotes sites run social media accounts record content rest,Illegitimate 
adult content agency providing marketing performers instagram onlyfans twitter models please contact provide pic specific business field would like work serious adult business let know thanks,Illegitimate 
virginia commonwealth university department psychiatry recruiting part time ambulatory psychiatrist begin soon possible working effort clinical services include psychopharmacology psychotherapy services outpatient clinic positon responsible clinical care well teaching supervision medical students residents fellows ambulatory clinic sees diverse group patents works collaboratively hospital departments community organizations positon primarily work new ambulatory clinic third floor jackson center provides updated space patent centric environment ample convenient parking coverage inpatient unit scheduled weekends scheduled attending vacations,Legitimate 
essity currently searching receptionist position based service excellence center sec appleton wi receptionist responsible executing administrative activities front desk mail room looking people embody values afraid challenge innovate experiment move fast pace always looking ways improve products love talk,Legitimate 
lincare nation leading provider oxygen durable medical equipment clinical respiratory services currently seeking upfront review clerks join us lenexa ks work lincare culture inclusive open friendly environment focused associates success benefits comprehensive benefits package flexible options fit individual needs growth industry leader continues transform way respiratory care delivered patients remote work opportunities available,Legitimate 
looking leader entrepreneurially minded marketer passion experience delivering impactful innovation person lead creation launch hand hygiene innovations away home b b applications help keep people safe also help keep planet healthy global brand innovation manager lead innovations concept launch around world work marketing technical partnership lead prioritized concepts stages funnel grow tork brand tork world professional hygiene brand part essity leading global health hygiene company sales countries employees headquarters sweden however position based either mexico city mx philadelphia pa looking leaders embody values afraid challenge innovate experiment move fast pace love talk,Legitimate 
self motivated person takes initiative efficiently prioritize multiple tasks take accountability assignments complete minimal supervision collaborate well people multiple departments great fit flexible part time job office assistant part time job flexible schedule days per week dividing hours within days remote work borghi usa inc located aberdeen md since international business providing service brush industry borghi brand brush machinery www borghi com italian equipment brands serve niche market throughout usa canada australia new zealand well parts caribbean communicating variety languages,Legitimate 
christus trinity clinic seeking board eligible board certified intensivist join well respected intensivist group member opportunity deliver state art critical care christus st frances cabrini hospital successful applicant offered nationally competitive salary full benefits package join intensivists group supported experienced advanced practice providers bed medical surgical intensive care unit supported collegial medical staff major subspecialties,Legitimate 
perform functions convert poly vinyl alcohol pva sponge finished product role looking people embody values afraid challenge innovate experiment move fast pace always looking ways improve products love talk,Legitimate 
state facility seeking psychiatrist locum tenens coverage facility located bolivar tn schedule hours patients adult cases full spectrum detox every patient seen x month work nps available questions cosign unit male female mix must help admissions may help time time acute unit emr avatar,Legitimate 
assume basic responsibility assigned clerical functions pertaining preparation bills collection incoming payments duties may include preparation processing payments received mail received across counter walk customers teller accounts receivable clerk works supervision office manager,Legitimate 
looking people embody values afraid challenge innovate experiment move fast pace always looking ways improve products love talk,Legitimate 
christus health seeking bc obstetrics gynecology ob gyn physician join established practice alexandria louisiana full time employed position physician work alongside two physicians provide quality outpatient care additionally provide outstanding inpatient care christus st frances cabrini hospital shift schedule pm monday thursday pm friday call shared patient population accepts insurance patient volume patients per day ob day patients per day gyn day,Legitimate 
business office clerk position pay scale consisting following elements ranges wages include base hourly compensation,Legitimate 
essity leading global hygiene health company dedicated improving well products solutions essentials everyday life headquarters stockholm sweden industry leader comes sustainability strong values essity beliefs behaviors drive amazing culture products improve lives people use break barriers well,Legitimate 
missouri highlands health care seeking full time medical billing clerk remote position need available person trainings meetings needed,Legitimate 
tray seeking compliance manager help build innovative features functions within next generation tray solution role following impact tray customers roles responsibilities lead pci dss compliance developing implementing maintaining sustainable pci dss compliance assurance plan perform internal compliance assessments ensure organization prepared pci dss assessment validation third party audit firm,Legitimate 
facilio fast growing vertical saas company modernizing property operations large global enterprises global presence offices nyc hq chennai dubai london singapore australia company strength global members stage series b dragoneer brookfield along continued partnership existing investors accel india tiger global management scale phase global expansion global management iconic buildings skyscrapers marquee brands,Legitimate 
looking part time office clerk work pm wednesday thursday friday busy construction office working closely current administrative assisstant providing full administrative support others office needed gsuite knowledge helpful high school diploma ged required,Legitimate 
paper machine operator start career learning support skills winding slitting finishing end large paper machine process part team four five operators fill th hand positions rd hand positions vacations absences etc assist mill support tasks looking people embody values afraid challenge innovate experiment move fast pace always looking ways improve products love talk,Legitimate 
candidates handle tour packages international domestic packages handling customer requirements producing tour itineraries negotiating suppliers selling clients,Legitimate 
waypoint analytical among top environmental labs united states arguably largest agricultural laboratory group headquartered memphis tn waypoint analytical wa agriculture environmental laboratories throughout u,Legitimate 
essity leading global hygiene health company dedicated improving well products solutions essentials everyday life unit health medical solutions manufacture market sell incontinence products medical solutions mission empower consumers patients caregivers products solutions support healthy active lives sales strong presence relevant channels e g retail pharmacies medical device shops online home delivery nursing homes hospitals,Legitimate 
opportunity work interact stimulating environment like minded professionals opportunity knowledge sharing experience enrichment continuous job learning,Legitimate 
direction materials director materials clerk responsible creating processing purchase orders receiving materials system accuracy essential position,Legitimate 
essity global company paving way towards digital shaper transforming business models highly visible effort significant attention investment multi year period require new thinking capabilities approaches successfully bridge activities remain relevant today emerging ones required tomorrow part effort essity continues build best class team support identification acquisition development digital capabilities across organization,Legitimate 
tolex looking forward sales representative handle large industrial clients power tools representative active finding clients establish business relationship ranges offered tolex economical solutions offered portfolio,Legitimate 
ozark center perks programs eligible full time part time employees ozark center offers wide variety career opportunities great work culture comprehensive benefits starting day one health vision dental insurance retirement employer match wellness program longevity payments paid time,Legitimate 
essity leading global hygiene health company dedicated improving well products solutions essentials everyday life may know essity global leading hygiene health company corporate headquarters stockholm sweden corporate leader comes sustainability strong values essity beliefs behaviors drive amazing culture products improve lives people use break barriers well,Legitimate 
good contacts field good communication skills fluency multiple languages preferred always ready travel around india experience government projects,Legitimate 
life sh based simple idea world beautiful want keep way responsible forward looking financial plans make dollars advance mission sh finance accounting team one main secrets behind brand success group math geniuses accounting gurus strategists analysts together run highly focused responsible motivated team dedicated driving bottom line analyzing complex data drawing evidence backed conclusions,Legitimate 
essity seeking distribution analyst join distribution north america located appleton wi distribution north america team responsible securing reliable cost effective transportation solutions north america businesses distribution analyst key enabler success distribution sourcing smarthub planning operations driving performance developing maintaining optimal kpi reporting solutions achieve service cost saving targets reducing complexity within distribution function,Legitimate 
semut cloud platform developers build publish paas saas applications quickly semut cloud computing android ios mobile computing building cutting edge technologies looking passionate developer advocate,Legitimate 
performance foodservice pfg broadline distributor maintains unique relationship variety local customers including independent restaurants hotels healthcare facilities schools quick service eateries team sales reps chefs consultants experts builds close relationships customer providing advice improving operations menu development product selection operational strategies performance foodservice team delivers delicious food also goes beyond help independent restaurant owners achieve dreams,Legitimate 
essity leading global hygiene health company dedicated improving well products solutions essentials everyday life global leading hygiene health company corporate headquarters stockholm sweden corporate leader comes sustainability strong values essity beliefs behaviors drive amazing culture products improve lives people use break barriers well,Legitimate 
looking full stack solution engineers full stack pristine includes developing end end business solutions combining ux apis services ai azure solutions deliver quantifiable sales profitability improvement clients,Legitimate 
lohnpack contract filling seeks energetic well organized people interested advanced manufacturing,Legitimate 
looking hire skilled wordpress developer design implement attractive functional websites clients responsible back end front end development including implementation wordpress themes plugins well site integration security updates successful wordpress developer depth knowledge front end programming languages good eye aesthetics strong content management skills ultimately top class wordpress developer create attractive user friendly websites perfectly meet design functionality specifications client,Legitimate 
seeking full time billing accounts receivable clerk outpatient billing services position would include aspects billing posting payments processing claims working aging ect candidate years billing experience,Legitimate 
essity leading global hygiene health company dedicated improving well products solutions essentials everyday life may know essity global leading hygiene health company corporate headquarters stockholm sweden corporate leader comes sustainability strong values essity beliefs behaviors drive amazing culture products improve lives people use break barriers well,Legitimate 
reports billing collection supv pfs director must promote practice excellent interpersonal relationships patient access clerks h employees quality assurance nursing physicians general public patients insurance company representatives using customer service model inter reaction batch post payments accounts receivable research patient information necessary batching posting correct account,Legitimate 
guruiitacademy established running organisation successfully delivering results genuinely taking care academic responsibilities students word mouth publicity looking jee neet chemistry faculty faculty clarity concepts training improve analytical application skills students genuinely take academic responsibilities students,Legitimate 
professional hygiene business unit includes operations north america europe selling primarily tork brand tork leading global professional hygiene brand sales countries tork brand offers professional hygiene products solutions customers ranging restaurants healthcare facilities offices schools industries products include dispensers paper towels toilet tissue soap napkins industrial kitchen wipers well intelligent washroom dispensing systems,Legitimate 
candiates b tech eee ece eie cse years experience writing embedded firmware software prefer work coimbatore apply passionate work embedded firmware various products firmware design mandatory challenging interesting roadmap available enjoy person go getter attitude important sound basics electronics computer science strong c c mandatory passionate towards embedded firmware deep interest writing firmware sound mathematics added advantage,Legitimate 
kpi concepts seeking qualified accounts receivable freight clerk join team accounts receivable freight clerk responsible interacting employees visitors friendly professional manner managing shipping receiving documents purchase orders daily shipments assisting accounting department invoicing data entry inventory,Legitimate 
looking people embody values afraid challenge innovate experiment move fast pace always looking ways improve products love talk,Legitimate 
looking enterprising innovative interventional neuroradiologist radiology neurology neurosurgery background work dedicated single speciality neurology hospital caters facets neurology dedicated neuro cath lab,Legitimate 
lincare mission set standard excellence transforming way respiratory care delivered home inspired vision enable patients chronic conditions remain engaged life peace mind caring,Legitimate 
essity leading global hygiene health company dedicated improving well products solutions essentials everyday life headquarters stockholm sweden industry leader comes sustainability strong values essity beliefs behaviors drive amazing culture products improve lives people use break barriers well,Legitimate 
sun net looking smart agile intellectually curious engineers help us mission build secure scalable reliable efficient software customers electric utility industry sun net itoa software used thousands people deliver power daily basis close knit team passion improving overall user experience well regarded among customers reliable product excellent customer service sun net offices located san jose california sjc growing new team india,Legitimate 
prepares posts verifies records customer payments transactions related accounts receivable creates invoices according company practices submits invoices customers maintains updates customer files including name address changes mergers mailing attentions drafts correspondence standard past due accounts collections identifies delinquent accounts reviewing files contacts delinquent accountholders request payment creates reports regarding current status customer accounts requested researches customer discrepancies past due amounts assistance collections manager staff,Legitimate 
candidates wish apply hands following software tools autocad advanced revit architecture intermediate advanced sketchup intermediate advanced photoshop advanced design intermediate advanced rendering plugin advanced,Legitimate 
torrco strong commitment people clients th generation family owned leading supplier kitchen bath products realize people greatest asset guarantee get lost shuffle committed offering opportunities growth advancement empower employees build long lasting careers us,Legitimate 
perform functions convert poly vinyl alcohol pva sponge finished product role looking people embody values afraid challenge innovate experiment move fast pace always looking ways improve products love talk,Legitimate 
chema trucking llc small business brownsville tx professional agile innovative goal transportation provider highest level customer service providing great enviornment employees families customers,Legitimate 
highjump wms lead developer determine operational feasibility evaluating analysis problem definition requirements solution development proposed solutions within distributions applications position document demonstrate solutions developing documentation flowcharts layouts diagrams charts code comments clear code lead developer prepare install solutions determining designing system specifications standards programming improves operations conducting systems analysis recommending changes policies procedures,Legitimate 
candidates handle tour packages international domestic packages handling customer requirements producing tour itineraries negotiating suppliers selling clients,Legitimate 
mayfield paper company delivers wide variety products every day needs special occasions throughout west texas,Legitimate 
looking employ consultant dermatologist chennai coimbatore full time position,Legitimate 
lincare one nation major suppliers home oxygen respiratory therapy seeking document review data entry clerk join spokane wa location,Legitimate 
tripoto looking candidates join us travel consultant senior travel consultant team lead b c role apply please send us application careers tripoto com note due high volume applications candidates applying directly linkedin might get reviewed,Legitimate 
preforms duty invoicing customers shipments submitting validating customer invoices customers via portals mail email,Legitimate 
essity leading global hygiene health company dedicated improving well products solutions essentials everyday life may know essity global leading hygiene health company corporate headquarters stockholm sweden corporate leader comes sustainability strong values essity beliefs behaviors drive amazing culture products improve lives people use break barriers well,Legitimate 
full time job work exusia clients perform production support work participate gathering functional requirements business understand technical requirements working exusia solution architects senior application designers work solution architects system functional enhancements test results resolve technical production issues develop solid understanding ab initio development platform work team develop automation capability using devops tools methodologies create project documentation functional requirements documents user testing documents etc manage software product lifecycle one core application development streams one business units experience working shore shore delivery model big plus,Legitimate 
deseret digital media call ddm birthplace home mildly addictive ksl classifieds seeking dynamic smart fun interesting individual join finance team part time accounts receivable clerk company follows hybrid work model meaning able work home still meet person occasionally team meetings fun events means still need live utah eligible work us,Legitimate 
chapman automotive group one largest top performing automotive retailers across arizona nevada employees regionally workforce significant source pride organization chapman family owned operated since value reputation built around unique sales experience rapid growth resilient culture cultivated amazing place work happy employees make happy customers reward individuals committed tenacious motivated looking passionate talented professionals want part fast paced environment embraces career advancement collaboration superior performance come join team,Legitimate 
essity leading global player professional hygiene global tork brand multi billion dollar company paving way towards digital shaper transforming business model professional hygiene highly visible effort significant attention investment multi year period require new thinking capabilities approaches successfully bridge activities remain relevant today emerging ones required tomorrow part effort essity continues build best class team support identification acquisition development digital capabilities across organization,Legitimate 
bookstore clerk responsible maintaining operating school bookstore conjunction fiscal services personnel reports fiscal services coordinator position located main campus jackson tennessee,Legitimate 
abroadworks inc search seasoned project manager experience software development industry responsible planning coordinating implementing projects within decided upon budget timeline scope,Legitimate 
essity seeking maintenance technicians middletown ohio facility preferred candidates journeyman level experience multi skilled capable performing heavy industrial maintenance responsible reducing unscheduled maintenance increasing uptime lowering maintenance costs developing maintenance capabilities effectiveness shared resource entire mill technical expertise capabilities needed solve problem support project implement changes strive drive safe respectful positive workplace interactions,Legitimate 
editorialist melds personal styling editorial content shopping one seamless digital experience powered proprietary technology e commerce tools editorialist com media property delivers sophisticated content commerce aspirational affluent consumers stories connect readers bespoke product service solutions fashion accessories beauty wellness needs cornerstone tech platform yx app blends content digital services e commerce elite clientele individuals average net worth excess million co founder ceo rafael ortiz previously co founded nextag largest comparison shopping site products services responsible marketing business development sale billion,Legitimate 
currently seeking ar ap clerk join team conduct quantitative analyses various investment financial programs,Legitimate 
graduated already chemical engineering chemistry mechanical industrial engineering wanting career within hygiene consumer goods manufacturing sector looking engineering opportunity inspire allow develop process engineering well people management skills essity health hygiene fast paced global manufacturer produces market leading consumer tissue products tork right company,Legitimate 
hippo video interactive video platform mission transform way businesses connect using videos headquartered newark delaware offices across united states america abu dhabi india fast growing saas company firmly believe secret success lies culture agile fearless push boundaries learning loads fun empower employees handing reins want tap passion solve business problems provide opportunities voice opinions wear multiple hats collaborating across teams someone driven passionate eager part dynamic environment join us right away,Legitimate 
john lee nissan mazda looking experienced accounts payable receivable clerk join team ideal candidate experienced accounts payable clerk working experience auto industry however train right person kind accounting financial background,Legitimate 
maintenance mechanic position conducts machine setup troubleshooting repairs preventive maintenance services,Legitimate 
pickyourtrail indian millennial loved leisure travel brand mission make positive impact people delivering meaningful memorable experiences travel take pride built india loved vacation builder platform travellers countries picked trail us rated us exceptional across trustpilot facebook google fact google travel survey cited pickyourtrail model combination expert led advice tech platform desired solution vacation industry nps score continue focus delivering exceptional value experiences new age travellers breaking away traditional packaged tours model,Legitimate 
best block part quikrete companies llc manufacturer retailer masonry products seeking person assist customers contractors providing quality customer service person phone,Legitimate 
essity leading global hygiene health company dedicated improving well products solutions essentials everyday life may know essity global leading hygiene health company corporate headquarters stockholm sweden corporate leader comes sustainability strong values essity beliefs behaviors drive amazing culture products improve lives people use break barriers well,Legitimate 
plan scale business x year enable journey looking execution focused eir responsible identifying solving key strategic problems unlock growth betterinvest eir aligned key teams business product growth new businesses customer experience operations ideal candidate generalist ability think sharply execute fast pace strategy team expect get hands solve real problems,Legitimate 
billing specialist undertake variety clerical non clerical tasks main goal help guarantee company revenues responsible processing products installed project environment along issuing necessary paperwork,Legitimate 
essity manufacturing professional hygiene north america currently seeking electrical maintenance technician manufacturing facilities greenwich ny south glens falls ny take look manufacturing professional hygiene north america,Legitimate 
facilio fast growing vertical saas company modernizing property operations large global enterprises global presence offices nyc hq chennai dubai london singapore australia company strength global members stage series b dragoneer brookfield along continued partnership existing investors accel india tiger global management scale phase global expansion global management iconic buildings skyscrapers marquee brands,Legitimate 
hushh believe data key unlocking full potential digital world empower users tools need collect organize manage monetize data terms prioritizing privacy security,Legitimate 
converting maintenance reliability lead responsible safe efficient mechanical electrical maintenance reliability manufacturing equipment facilities mobile equipment utilized facility significant experience required process industry manufacturing high speed equipment person must lead aspects effective total productive preventative maintenance team environment,Legitimate 
fresh prints nyc based custom apparel start find incredible students give working capital training support build business schools students million sales next months create tech develop additional revenue channels increase operational efficiency usher next stage fresh prints questions cross functional growth team members work every day qa engineers developers marketers determined drive business forward,Legitimate 
electrical instrumentation technician responsible defined maintenance activities production site,Legitimate 
hiring business development executive contribute growth company business development executives responsible finding retaining clients encouraging extant clients purchase added products features remaining abreast changes consumption also required build capacity staff regular training mentorship,Legitimate 
essity global company paving way towards digital shaper transforming business models highly visible effort significant attention investment multi year period require new thinking capabilities approaches successfully bridge activities remain relevant today emerging ones required tomorrow part effort essity continues build best class team support identification acquisition development digital capabilities across organization,Legitimate 
role dedicated lead management nurturing leads order support marketing sales objectives research high value accounts identify leads generate interest develop accounts stimulate opportunities building deepening executive relationships strategic customer base help influence long term technology business decisions add value viewed trusted advisor bringing compelling insights ideas follow execution,Legitimate 
primary function accountant reporting assist aspects general ledger including assisting monthly quarterly annual closings heavy account analysis journal entries account reconciliations financial statement analysis accountant reporting may also perform diverse special projects serve liaison outside auditors departments within organization,Legitimate 
essity leading global hygiene health company dedicated improving well products solutions essentials everyday life may know essity global leading hygiene health company corporate headquarters stockholm sweden corporate leader comes sustainability strong values essity beliefs behaviors drive amazing culture products improve lives people use break barriers well,Legitimate 
fe fundinfo global leader investment fund data technology take pride fostering environment teams bring best selves work operate welcoming stimulating inclusive culture proud vast diverse highly skilled team always looking talented people want grow us,Legitimate 
